<?xml version="1.0" encoding="UTF-8"?>
<project-private xmlns="http://www.netbeans.org/ns/project-private/1">
    <editor-bookmarks xmlns="http://www.netbeans.org/ns/editor-bookmarks/2" lastBookmarkId="0"/>
    <open-files xmlns="http://www.netbeans.org/ns/projectui-open-files/2">
        <group>
            <file>file:/C:/Users/PCL-B00-00/Documents/NetBeansProjects/Perpustakaan/src/org/testdev/perpustakaan/model/Anggota.java</file>
            <file>file:/C:/Users/PCL-B00-00/Documents/NetBeansProjects/Perpustakaan/src/org/testdev/perpustakaan/model/Pustakawan.java</file>
            <file>file:/C:/Users/PCL-B00-00/Documents/NetBeansProjects/Perpustakaan/src/org/testdev/perpustakaan/model/Buku.java</file>
            <file>file:/C:/Users/PCL-B00-00/Documents/NetBeansProjects/Perpustakaan/src/perpustakaan/Perpustakaan.java</file>
            <file>file:/C:/Users/PCL-B00-00/Documents/NetBeansProjects/Perpustakaan/src/org/testdev/perpustakaan/model/Pengguna.java</file>
            <file>file:/C:/Users/PCL-B00-00/Documents/NetBeansProjects/Perpustakaan/src/org/testdev/perputakaan/view/FormBuku.java</file>
        </group>
    </open-files>
</project-private>
